{
  "project_info": {
    "project_number": "470411192706",
    "project_id": "it-services-61fa4",
    "storage_bucket": "it-services-61fa4.appspot.com"
  },
  "client": [
    {
      "client_info": {
        "mobilesdk_app_id": "1:470411192706:android:889c348b6941518f9e879b",
        "android_client_info": {
          "package_name": "com.example.itservices"
        }
      },
      "oauth_client": [
        {
          "client_id": "470411192706-urtj8vahghioucp9khdcea4j28n6hhum.apps.googleusercontent.com",
          "client_type": 3
        }
      ],
      "api_key": [
        {
          "current_key": "AIzaSyBcLmRcC6X-mfTWAgJjrRo0SAfkOVr7plg"
        }
      ],
      "services": {
        "appinvite_service": {
          "other_platform_oauth_client": [
            {
              "client_id": "470411192706-urtj8vahghioucp9khdcea4j28n6hhum.apps.googleusercontent.com",
              "client_type": 3
            }
          ]
        }
      }
    }
  ],
  "configuration_version": "1"
}